"tub","pos","trt","climate","soil","sterile","tea","genotype"
27,1,1,"it","it",0,"none","Sw11"
27,2,1,"it","it",0,"none","Sw43"
27,3,1,"it","it",0,"none","It15"
27,4,1,"it","it",0,"none","It24"
27,5,1,"it","it",0,"none","Sw7"
27,6,1,"it","it",0,"none","It32"
27,7,1,"it","it",0,"none","It41"
27,8,1,"it","it",0,"none","Sw47"
57,1,1,"it","it",0,"none","It15"
57,2,1,"it","it",0,"none","It41"
57,3,1,"it","it",0,"none","It32"
57,4,1,"it","it",0,"none","Sw47"
57,5,1,"it","it",0,"none","It24"
57,6,1,"it","it",0,"none","Sw7"
57,7,1,"it","it",0,"none","Sw11"
57,8,1,"it","it",0,"none","Sw43"
15,1,1,"it","it",0,"none","Sw47"
15,2,1,"it","it",0,"none","Sw11"
15,3,1,"it","it",0,"none","It24"
15,4,1,"it","it",0,"none","It15"
15,5,1,"it","it",0,"none","It41"
15,6,1,"it","it",0,"none","Sw7"
15,7,1,"it","it",0,"none","It32"
15,8,1,"it","it",0,"none","Sw43"
84,1,1,"it","it",0,"none","It24"
84,2,1,"it","it",0,"none","It32"
84,3,1,"it","it",0,"none","Sw43"
84,4,1,"it","it",0,"none","Sw11"
84,5,1,"it","it",0,"none","It15"
84,6,1,"it","it",0,"none","Sw7"
84,7,1,"it","it",0,"none","Sw47"
84,8,1,"it","it",0,"none","It41"
1,1,1,"it","it",0,"none","It15"
1,2,1,"it","it",0,"none","It32"
1,3,1,"it","it",0,"none","Sw43"
1,4,1,"it","it",0,"none","Sw7"
1,5,1,"it","it",0,"none","Sw11"
1,6,1,"it","it",0,"none","It41"
1,7,1,"it","it",0,"none","It24"
1,8,1,"it","it",0,"none","Sw47"
26,1,1,"it","it",0,"none","Sw47"
26,2,1,"it","it",0,"none","It24"
26,3,1,"it","it",0,"none","Sw43"
26,4,1,"it","it",0,"none","Sw7"
26,5,1,"it","it",0,"none","It15"
26,6,1,"it","it",0,"none","Sw11"
26,7,1,"it","it",0,"none","It41"
26,8,1,"it","it",0,"none","It32"
13,1,1,"it","it",0,"none","Sw11"
13,2,1,"it","it",0,"none","Sw47"
13,3,1,"it","it",0,"none","It15"
13,4,1,"it","it",0,"none","It41"
13,5,1,"it","it",0,"none","Sw7"
13,6,1,"it","it",0,"none","It24"
13,7,1,"it","it",0,"none","Sw43"
13,8,1,"it","it",0,"none","It32"
23,1,1,"it","it",0,"none","Sw47"
23,2,1,"it","it",0,"none","It32"
23,3,1,"it","it",0,"none","It24"
23,4,1,"it","it",0,"none","Sw43"
23,5,1,"it","it",0,"none","Sw7"
23,6,1,"it","it",0,"none","It41"
23,7,1,"it","it",0,"none","It15"
23,8,1,"it","it",0,"none","Sw11"
70,1,2,"it","it",1,"none","Sw11"
70,2,2,"it","it",1,"none","It41"
70,3,2,"it","it",1,"none","Sw47"
70,4,2,"it","it",1,"none","Sw7"
70,5,2,"it","it",1,"none","It24"
70,6,2,"it","it",1,"none","Sw43"
70,7,2,"it","it",1,"none","It32"
70,8,2,"it","it",1,"none","It15"
9,1,2,"it","it",1,"none","Sw47"
9,2,2,"it","it",1,"none","Sw11"
9,3,2,"it","it",1,"none","Sw43"
9,4,2,"it","it",1,"none","Sw7"
9,5,2,"it","it",1,"none","It24"
9,6,2,"it","it",1,"none","It41"
9,7,2,"it","it",1,"none","It32"
9,8,2,"it","it",1,"none","It15"
54,1,2,"it","it",1,"none","Sw47"
54,2,2,"it","it",1,"none","Sw7"
54,3,2,"it","it",1,"none","It15"
54,4,2,"it","it",1,"none","It41"
54,5,2,"it","it",1,"none","It32"
54,6,2,"it","it",1,"none","It24"
54,7,2,"it","it",1,"none","Sw11"
54,8,2,"it","it",1,"none","Sw43"
6,1,2,"it","it",1,"none","It15"
6,2,2,"it","it",1,"none","Sw7"
6,3,2,"it","it",1,"none","Sw11"
6,4,2,"it","it",1,"none","It41"
6,5,2,"it","it",1,"none","It24"
6,6,2,"it","it",1,"none","Sw47"
6,7,2,"it","it",1,"none","It32"
6,8,2,"it","it",1,"none","Sw43"
12,1,2,"it","it",1,"none","Sw43"
12,2,2,"it","it",1,"none","It41"
12,3,2,"it","it",1,"none","Sw11"
12,4,2,"it","it",1,"none","It32"
12,5,2,"it","it",1,"none","It24"
12,6,2,"it","it",1,"none","Sw7"
12,7,2,"it","it",1,"none","Sw47"
12,8,2,"it","it",1,"none","It15"
8,1,2,"it","it",1,"none","Sw7"
8,2,2,"it","it",1,"none","It15"
8,3,2,"it","it",1,"none","Sw11"
8,4,2,"it","it",1,"none","It32"
8,5,2,"it","it",1,"none","It41"
8,6,2,"it","it",1,"none","It24"
8,7,2,"it","it",1,"none","Sw47"
8,8,2,"it","it",1,"none","Sw43"
69,1,2,"it","it",1,"none","Sw43"
69,2,2,"it","it",1,"none","It41"
69,3,2,"it","it",1,"none","It32"
69,4,2,"it","it",1,"none","It15"
69,5,2,"it","it",1,"none","It24"
69,6,2,"it","it",1,"none","Sw47"
69,7,2,"it","it",1,"none","Sw7"
69,8,2,"it","it",1,"none","Sw11"
88,1,2,"it","it",1,"none","It24"
88,2,2,"it","it",1,"none","Sw43"
88,3,2,"it","it",1,"none","It41"
88,4,2,"it","it",1,"none","Sw11"
88,5,2,"it","it",1,"none","Sw7"
88,6,2,"it","it",1,"none","It15"
88,7,2,"it","it",1,"none","Sw47"
88,8,2,"it","it",1,"none","It32"
11,1,3,"it","it",1,"it","Sw47"
11,2,3,"it","it",1,"it","It32"
11,3,3,"it","it",1,"it","It15"
11,4,3,"it","it",1,"it","Sw11"
11,5,3,"it","it",1,"it","Sw43"
11,6,3,"it","it",1,"it","Sw7"
11,7,3,"it","it",1,"it","It24"
11,8,3,"it","it",1,"it","It41"
76,1,3,"it","it",1,"it","Sw43"
76,2,3,"it","it",1,"it","It32"
76,3,3,"it","it",1,"it","Sw47"
76,4,3,"it","it",1,"it","Sw7"
76,5,3,"it","it",1,"it","It24"
76,6,3,"it","it",1,"it","Sw11"
76,7,3,"it","it",1,"it","It15"
76,8,3,"it","it",1,"it","It41"
41,1,3,"it","it",1,"it","Sw47"
41,2,3,"it","it",1,"it","It15"
41,3,3,"it","it",1,"it","It32"
41,4,3,"it","it",1,"it","It41"
41,5,3,"it","it",1,"it","Sw11"
41,6,3,"it","it",1,"it","Sw7"
41,7,3,"it","it",1,"it","Sw43"
41,8,3,"it","it",1,"it","It24"
37,1,3,"it","it",1,"it","Sw7"
37,2,3,"it","it",1,"it","Sw47"
37,3,3,"it","it",1,"it","Sw43"
37,4,3,"it","it",1,"it","It15"
37,5,3,"it","it",1,"it","It32"
37,6,3,"it","it",1,"it","It41"
37,7,3,"it","it",1,"it","It24"
37,8,3,"it","it",1,"it","Sw11"
48,1,3,"it","it",1,"it","Sw7"
48,2,3,"it","it",1,"it","It15"
48,3,3,"it","it",1,"it","Sw43"
48,4,3,"it","it",1,"it","Sw11"
48,5,3,"it","it",1,"it","It24"
48,6,3,"it","it",1,"it","It32"
48,7,3,"it","it",1,"it","Sw47"
48,8,3,"it","it",1,"it","It41"
51,1,3,"it","it",1,"it","It32"
51,2,3,"it","it",1,"it","It41"
51,3,3,"it","it",1,"it","Sw7"
51,4,3,"it","it",1,"it","Sw47"
51,5,3,"it","it",1,"it","Sw43"
51,6,3,"it","it",1,"it","Sw11"
51,7,3,"it","it",1,"it","It24"
51,8,3,"it","it",1,"it","It15"
59,1,3,"it","it",1,"it","Sw7"
59,2,3,"it","it",1,"it","It32"
59,3,3,"it","it",1,"it","It24"
59,4,3,"it","it",1,"it","Sw47"
59,5,3,"it","it",1,"it","It41"
59,6,3,"it","it",1,"it","Sw11"
59,7,3,"it","it",1,"it","Sw43"
59,8,3,"it","it",1,"it","It15"
17,1,3,"it","it",1,"it","It41"
17,2,3,"it","it",1,"it","Sw47"
17,3,3,"it","it",1,"it","It24"
17,4,3,"it","it",1,"it","It15"
17,5,3,"it","it",1,"it","Sw43"
17,6,3,"it","it",1,"it","Sw7"
17,7,3,"it","it",1,"it","Sw11"
17,8,3,"it","it",1,"it","It32"
30,1,4,"it","it",1,"sw","Sw7"
30,2,4,"it","it",1,"sw","It41"
30,3,4,"it","it",1,"sw","It15"
30,4,4,"it","it",1,"sw","Sw43"
30,5,4,"it","it",1,"sw","Sw47"
30,6,4,"it","it",1,"sw","It32"
30,7,4,"it","it",1,"sw","It24"
30,8,4,"it","it",1,"sw","Sw11"
16,1,4,"it","it",1,"sw","It15"
16,2,4,"it","it",1,"sw","Sw43"
16,3,4,"it","it",1,"sw","Sw11"
16,4,4,"it","it",1,"sw","Sw47"
16,5,4,"it","it",1,"sw","Sw7"
16,6,4,"it","it",1,"sw","It41"
16,7,4,"it","it",1,"sw","It32"
16,8,4,"it","it",1,"sw","It24"
45,1,4,"it","it",1,"sw","Sw7"
45,2,4,"it","it",1,"sw","It24"
45,3,4,"it","it",1,"sw","Sw47"
45,4,4,"it","it",1,"sw","Sw11"
45,5,4,"it","it",1,"sw","It41"
45,6,4,"it","it",1,"sw","It15"
45,7,4,"it","it",1,"sw","Sw43"
45,8,4,"it","it",1,"sw","It32"
53,1,4,"it","it",1,"sw","It15"
53,2,4,"it","it",1,"sw","Sw43"
53,3,4,"it","it",1,"sw","It24"
53,4,4,"it","it",1,"sw","It32"
53,5,4,"it","it",1,"sw","Sw7"
53,6,4,"it","it",1,"sw","Sw11"
53,7,4,"it","it",1,"sw","It41"
53,8,4,"it","it",1,"sw","Sw47"
28,1,4,"it","it",1,"sw","It15"
28,2,4,"it","it",1,"sw","It41"
28,3,4,"it","it",1,"sw","Sw7"
28,4,4,"it","it",1,"sw","It32"
28,5,4,"it","it",1,"sw","It24"
28,6,4,"it","it",1,"sw","Sw11"
28,7,4,"it","it",1,"sw","Sw43"
28,8,4,"it","it",1,"sw","Sw47"
65,1,4,"it","it",1,"sw","It41"
65,2,4,"it","it",1,"sw","Sw7"
65,3,4,"it","it",1,"sw","Sw47"
65,4,4,"it","it",1,"sw","It15"
65,5,4,"it","it",1,"sw","It32"
65,6,4,"it","it",1,"sw","Sw11"
65,7,4,"it","it",1,"sw","Sw43"
65,8,4,"it","it",1,"sw","It24"
5,1,4,"it","it",1,"sw","Sw11"
5,2,4,"it","it",1,"sw","Sw47"
5,3,4,"it","it",1,"sw","It15"
5,4,4,"it","it",1,"sw","Sw7"
5,5,4,"it","it",1,"sw","It41"
5,6,4,"it","it",1,"sw","It32"
5,7,4,"it","it",1,"sw","Sw43"
5,8,4,"it","it",1,"sw","It24"
21,1,4,"it","it",1,"sw","It15"
21,2,4,"it","it",1,"sw","Sw11"
21,3,4,"it","it",1,"sw","Sw47"
21,4,4,"it","it",1,"sw","It32"
21,5,4,"it","it",1,"sw","It24"
21,6,4,"it","it",1,"sw","Sw43"
21,7,4,"it","it",1,"sw","Sw7"
21,8,4,"it","it",1,"sw","It41"
68,1,5,"it","sw",0,"none","Sw7"
68,2,5,"it","sw",0,"none","Sw11"
68,3,5,"it","sw",0,"none","It41"
68,4,5,"it","sw",0,"none","Sw43"
68,5,5,"it","sw",0,"none","It15"
68,6,5,"it","sw",0,"none","It24"
68,7,5,"it","sw",0,"none","Sw47"
68,8,5,"it","sw",0,"none","It32"
85,1,5,"it","sw",0,"none","Sw11"
85,2,5,"it","sw",0,"none","It15"
85,3,5,"it","sw",0,"none","It24"
85,4,5,"it","sw",0,"none","It32"
85,5,5,"it","sw",0,"none","Sw47"
85,6,5,"it","sw",0,"none","Sw43"
85,7,5,"it","sw",0,"none","Sw7"
85,8,5,"it","sw",0,"none","It41"
74,1,5,"it","sw",0,"none","It41"
74,2,5,"it","sw",0,"none","Sw7"
74,3,5,"it","sw",0,"none","Sw43"
74,4,5,"it","sw",0,"none","It15"
74,5,5,"it","sw",0,"none","It32"
74,6,5,"it","sw",0,"none","Sw11"
74,7,5,"it","sw",0,"none","Sw47"
74,8,5,"it","sw",0,"none","It24"
46,1,5,"it","sw",0,"none","Sw7"
46,2,5,"it","sw",0,"none","It32"
46,3,5,"it","sw",0,"none","Sw43"
46,4,5,"it","sw",0,"none","Sw47"
46,5,5,"it","sw",0,"none","Sw11"
46,6,5,"it","sw",0,"none","It15"
46,7,5,"it","sw",0,"none","It41"
46,8,5,"it","sw",0,"none","It24"
40,1,5,"it","sw",0,"none","It32"
40,2,5,"it","sw",0,"none","Sw11"
40,3,5,"it","sw",0,"none","Sw43"
40,4,5,"it","sw",0,"none","Sw7"
40,5,5,"it","sw",0,"none","It41"
40,6,5,"it","sw",0,"none","Sw47"
40,7,5,"it","sw",0,"none","It15"
40,8,5,"it","sw",0,"none","It24"
63,1,5,"it","sw",0,"none","Sw7"
63,2,5,"it","sw",0,"none","It15"
63,3,5,"it","sw",0,"none","It41"
63,4,5,"it","sw",0,"none","Sw47"
63,5,5,"it","sw",0,"none","Sw11"
63,6,5,"it","sw",0,"none","It24"
63,7,5,"it","sw",0,"none","Sw43"
63,8,5,"it","sw",0,"none","It32"
42,1,5,"it","sw",0,"none","Sw11"
42,2,5,"it","sw",0,"none","It24"
42,3,5,"it","sw",0,"none","Sw43"
42,4,5,"it","sw",0,"none","It41"
42,5,5,"it","sw",0,"none","It15"
42,6,5,"it","sw",0,"none","Sw47"
42,7,5,"it","sw",0,"none","Sw7"
42,8,5,"it","sw",0,"none","It32"
79,1,5,"it","sw",0,"none","It32"
79,2,5,"it","sw",0,"none","It24"
79,3,5,"it","sw",0,"none","Sw11"
79,4,5,"it","sw",0,"none","It41"
79,5,5,"it","sw",0,"none","Sw43"
79,6,5,"it","sw",0,"none","It15"
79,7,5,"it","sw",0,"none","Sw47"
79,8,5,"it","sw",0,"none","Sw7"
72,1,6,"it","sw",1,"none","Sw7"
72,2,6,"it","sw",1,"none","It41"
72,3,6,"it","sw",1,"none","It15"
72,4,6,"it","sw",1,"none","Sw11"
72,5,6,"it","sw",1,"none","Sw47"
72,6,6,"it","sw",1,"none","It24"
72,7,6,"it","sw",1,"none","It32"
72,8,6,"it","sw",1,"none","Sw43"
82,1,6,"it","sw",1,"none","It41"
82,2,6,"it","sw",1,"none","Sw47"
82,3,6,"it","sw",1,"none","Sw43"
82,4,6,"it","sw",1,"none","Sw7"
82,5,6,"it","sw",1,"none","It15"
82,6,6,"it","sw",1,"none","It24"
82,7,6,"it","sw",1,"none","It32"
82,8,6,"it","sw",1,"none","Sw11"
61,1,6,"it","sw",1,"none","It32"
61,2,6,"it","sw",1,"none","It24"
61,3,6,"it","sw",1,"none","Sw43"
61,4,6,"it","sw",1,"none","Sw11"
61,5,6,"it","sw",1,"none","Sw7"
61,6,6,"it","sw",1,"none","Sw47"
61,7,6,"it","sw",1,"none","It15"
61,8,6,"it","sw",1,"none","It41"
81,1,6,"it","sw",1,"none","It32"
81,2,6,"it","sw",1,"none","It41"
81,3,6,"it","sw",1,"none","Sw11"
81,4,6,"it","sw",1,"none","Sw43"
81,5,6,"it","sw",1,"none","Sw47"
81,6,6,"it","sw",1,"none","It24"
81,7,6,"it","sw",1,"none","It15"
81,8,6,"it","sw",1,"none","Sw7"
52,1,6,"it","sw",1,"none","Sw47"
52,2,6,"it","sw",1,"none","It41"
52,3,6,"it","sw",1,"none","It15"
52,4,6,"it","sw",1,"none","It24"
52,5,6,"it","sw",1,"none","Sw43"
52,6,6,"it","sw",1,"none","Sw7"
52,7,6,"it","sw",1,"none","It32"
52,8,6,"it","sw",1,"none","Sw11"
56,1,6,"it","sw",1,"none","It24"
56,2,6,"it","sw",1,"none","It15"
56,3,6,"it","sw",1,"none","Sw47"
56,4,6,"it","sw",1,"none","Sw11"
56,5,6,"it","sw",1,"none","It32"
56,6,6,"it","sw",1,"none","Sw43"
56,7,6,"it","sw",1,"none","Sw7"
56,8,6,"it","sw",1,"none","It41"
67,1,6,"it","sw",1,"none","It41"
67,2,6,"it","sw",1,"none","It32"
67,3,6,"it","sw",1,"none","Sw43"
67,4,6,"it","sw",1,"none","Sw11"
67,5,6,"it","sw",1,"none","Sw7"
67,6,6,"it","sw",1,"none","Sw47"
67,7,6,"it","sw",1,"none","It24"
67,8,6,"it","sw",1,"none","It15"
75,1,6,"it","sw",1,"none","Sw47"
75,2,6,"it","sw",1,"none","Sw7"
75,3,6,"it","sw",1,"none","It15"
75,4,6,"it","sw",1,"none","It41"
75,5,6,"it","sw",1,"none","Sw11"
75,6,6,"it","sw",1,"none","It32"
75,7,6,"it","sw",1,"none","Sw43"
75,8,6,"it","sw",1,"none","It24"
31,1,7,"it","sw",1,"sw","Sw7"
31,2,7,"it","sw",1,"sw","It41"
31,3,7,"it","sw",1,"sw","It15"
31,4,7,"it","sw",1,"sw","Sw47"
31,5,7,"it","sw",1,"sw","It24"
31,6,7,"it","sw",1,"sw","Sw11"
31,7,7,"it","sw",1,"sw","It32"
31,8,7,"it","sw",1,"sw","Sw43"
64,1,7,"it","sw",1,"sw","It15"
64,2,7,"it","sw",1,"sw","Sw7"
64,3,7,"it","sw",1,"sw","Sw11"
64,4,7,"it","sw",1,"sw","It32"
64,5,7,"it","sw",1,"sw","It24"
64,6,7,"it","sw",1,"sw","It41"
64,7,7,"it","sw",1,"sw","Sw43"
64,8,7,"it","sw",1,"sw","Sw47"
18,1,7,"it","sw",1,"sw","Sw47"
18,2,7,"it","sw",1,"sw","Sw11"
18,3,7,"it","sw",1,"sw","It15"
18,4,7,"it","sw",1,"sw","It41"
18,5,7,"it","sw",1,"sw","It32"
18,6,7,"it","sw",1,"sw","Sw43"
18,7,7,"it","sw",1,"sw","Sw7"
18,8,7,"it","sw",1,"sw","It24"
38,1,7,"it","sw",1,"sw","Sw7"
38,2,7,"it","sw",1,"sw","Sw11"
38,3,7,"it","sw",1,"sw","It24"
38,4,7,"it","sw",1,"sw","It15"
38,5,7,"it","sw",1,"sw","It32"
38,6,7,"it","sw",1,"sw","Sw43"
38,7,7,"it","sw",1,"sw","It41"
38,8,7,"it","sw",1,"sw","Sw47"
35,1,7,"it","sw",1,"sw","It15"
35,2,7,"it","sw",1,"sw","It32"
35,3,7,"it","sw",1,"sw","Sw47"
35,4,7,"it","sw",1,"sw","Sw11"
35,5,7,"it","sw",1,"sw","It24"
35,6,7,"it","sw",1,"sw","It41"
35,7,7,"it","sw",1,"sw","Sw43"
35,8,7,"it","sw",1,"sw","Sw7"
24,1,7,"it","sw",1,"sw","It15"
24,2,7,"it","sw",1,"sw","Sw11"
24,3,7,"it","sw",1,"sw","It24"
24,4,7,"it","sw",1,"sw","It32"
24,5,7,"it","sw",1,"sw","It41"
24,6,7,"it","sw",1,"sw","Sw43"
24,7,7,"it","sw",1,"sw","Sw7"
24,8,7,"it","sw",1,"sw","Sw47"
39,1,7,"it","sw",1,"sw","Sw47"
39,2,7,"it","sw",1,"sw","Sw11"
39,3,7,"it","sw",1,"sw","Sw7"
39,4,7,"it","sw",1,"sw","Sw43"
39,5,7,"it","sw",1,"sw","It32"
39,6,7,"it","sw",1,"sw","It15"
39,7,7,"it","sw",1,"sw","It24"
39,8,7,"it","sw",1,"sw","It41"
7,1,7,"it","sw",1,"sw","Sw7"
7,2,7,"it","sw",1,"sw","It41"
7,3,7,"it","sw",1,"sw","Sw43"
7,4,7,"it","sw",1,"sw","It32"
7,5,7,"it","sw",1,"sw","It24"
7,6,7,"it","sw",1,"sw","It15"
7,7,7,"it","sw",1,"sw","Sw11"
7,8,7,"it","sw",1,"sw","Sw47"
50,1,8,"it","sw",1,"it","Sw11"
50,2,8,"it","sw",1,"it","Sw7"
50,3,8,"it","sw",1,"it","It15"
50,4,8,"it","sw",1,"it","It41"
50,5,8,"it","sw",1,"it","It32"
50,6,8,"it","sw",1,"it","It24"
50,7,8,"it","sw",1,"it","Sw47"
50,8,8,"it","sw",1,"it","Sw43"
34,1,8,"it","sw",1,"it","Sw43"
34,2,8,"it","sw",1,"it","It32"
34,3,8,"it","sw",1,"it","It15"
34,4,8,"it","sw",1,"it","It41"
34,5,8,"it","sw",1,"it","Sw47"
34,6,8,"it","sw",1,"it","Sw7"
34,7,8,"it","sw",1,"it","Sw11"
34,8,8,"it","sw",1,"it","It24"
4,1,8,"it","sw",1,"it","It15"
4,2,8,"it","sw",1,"it","Sw11"
4,3,8,"it","sw",1,"it","It32"
4,4,8,"it","sw",1,"it","Sw47"
4,5,8,"it","sw",1,"it","It24"
4,6,8,"it","sw",1,"it","Sw7"
4,7,8,"it","sw",1,"it","Sw43"
4,8,8,"it","sw",1,"it","It41"
19,1,8,"it","sw",1,"it","It24"
19,2,8,"it","sw",1,"it","Sw43"
19,3,8,"it","sw",1,"it","It15"
19,4,8,"it","sw",1,"it","Sw7"
19,5,8,"it","sw",1,"it","Sw47"
19,6,8,"it","sw",1,"it","Sw11"
19,7,8,"it","sw",1,"it","It41"
19,8,8,"it","sw",1,"it","It32"
87,1,8,"it","sw",1,"it","Sw47"
87,2,8,"it","sw",1,"it","It24"
87,3,8,"it","sw",1,"it","It41"
87,4,8,"it","sw",1,"it","Sw11"
87,5,8,"it","sw",1,"it","Sw43"
87,6,8,"it","sw",1,"it","It15"
87,7,8,"it","sw",1,"it","Sw7"
87,8,8,"it","sw",1,"it","It32"
83,1,8,"it","sw",1,"it","Sw11"
83,2,8,"it","sw",1,"it","It41"
83,3,8,"it","sw",1,"it","It24"
83,4,8,"it","sw",1,"it","It15"
83,5,8,"it","sw",1,"it","It32"
83,6,8,"it","sw",1,"it","Sw7"
83,7,8,"it","sw",1,"it","Sw43"
83,8,8,"it","sw",1,"it","Sw47"
55,1,8,"it","sw",1,"it","Sw11"
55,2,8,"it","sw",1,"it","It15"
55,3,8,"it","sw",1,"it","Sw7"
55,4,8,"it","sw",1,"it","Sw43"
55,5,8,"it","sw",1,"it","Sw47"
55,6,8,"it","sw",1,"it","It32"
55,7,8,"it","sw",1,"it","It41"
55,8,8,"it","sw",1,"it","It24"
60,1,8,"it","sw",1,"it","Sw43"
60,2,8,"it","sw",1,"it","Sw11"
60,3,8,"it","sw",1,"it","It41"
60,4,8,"it","sw",1,"it","Sw47"
60,5,8,"it","sw",1,"it","It32"
60,6,8,"it","sw",1,"it","It24"
60,7,8,"it","sw",1,"it","Sw7"
60,8,8,"it","sw",1,"it","It15"
25,1,9,"it","peat",1,"it","Sw7"
25,2,9,"it","peat",1,"it","It41"
25,3,9,"it","peat",1,"it","It24"
25,4,9,"it","peat",1,"it","Sw11"
25,5,9,"it","peat",1,"it","Sw43"
25,6,9,"it","peat",1,"it","Sw47"
25,7,9,"it","peat",1,"it","It32"
25,8,9,"it","peat",1,"it","It15"
71,1,9,"it","peat",1,"it","It24"
71,2,9,"it","peat",1,"it","Sw43"
71,3,9,"it","peat",1,"it","Sw11"
71,4,9,"it","peat",1,"it","It41"
71,5,9,"it","peat",1,"it","It32"
71,6,9,"it","peat",1,"it","Sw47"
71,7,9,"it","peat",1,"it","It15"
71,8,9,"it","peat",1,"it","Sw7"
73,1,9,"it","peat",1,"it","Sw47"
73,2,9,"it","peat",1,"it","Sw11"
73,3,9,"it","peat",1,"it","Sw7"
73,4,9,"it","peat",1,"it","It15"
73,5,9,"it","peat",1,"it","It32"
73,6,9,"it","peat",1,"it","It41"
73,7,9,"it","peat",1,"it","Sw43"
73,8,9,"it","peat",1,"it","It24"
47,1,9,"it","peat",1,"it","Sw47"
47,2,9,"it","peat",1,"it","Sw7"
47,3,9,"it","peat",1,"it","It32"
47,4,9,"it","peat",1,"it","It41"
47,5,9,"it","peat",1,"it","Sw43"
47,6,9,"it","peat",1,"it","It24"
47,7,9,"it","peat",1,"it","Sw11"
47,8,9,"it","peat",1,"it","It15"
3,1,9,"it","peat",1,"it","It41"
3,2,9,"it","peat",1,"it","Sw11"
3,3,9,"it","peat",1,"it","Sw47"
3,4,9,"it","peat",1,"it","Sw43"
3,5,9,"it","peat",1,"it","Sw7"
3,6,9,"it","peat",1,"it","It15"
3,7,9,"it","peat",1,"it","It24"
3,8,9,"it","peat",1,"it","It32"
20,1,9,"it","peat",1,"it","It15"
20,2,9,"it","peat",1,"it","It24"
20,3,9,"it","peat",1,"it","It41"
20,4,9,"it","peat",1,"it","Sw11"
20,5,9,"it","peat",1,"it","Sw7"
20,6,9,"it","peat",1,"it","Sw47"
20,7,9,"it","peat",1,"it","It32"
20,8,9,"it","peat",1,"it","Sw43"
36,1,9,"it","peat",1,"it","It41"
36,2,9,"it","peat",1,"it","Sw43"
36,3,9,"it","peat",1,"it","It15"
36,4,9,"it","peat",1,"it","Sw7"
36,5,9,"it","peat",1,"it","Sw11"
36,6,9,"it","peat",1,"it","Sw47"
36,7,9,"it","peat",1,"it","It32"
36,8,9,"it","peat",1,"it","It24"
29,1,9,"it","peat",1,"it","It15"
29,2,9,"it","peat",1,"it","It41"
29,3,9,"it","peat",1,"it","Sw11"
29,4,9,"it","peat",1,"it","It24"
29,5,9,"it","peat",1,"it","It32"
29,6,9,"it","peat",1,"it","Sw47"
29,7,9,"it","peat",1,"it","Sw7"
29,8,9,"it","peat",1,"it","Sw43"
2,1,10,"it","peat",1,"sw","It41"
2,2,10,"it","peat",1,"sw","Sw47"
2,3,10,"it","peat",1,"sw","Sw11"
2,4,10,"it","peat",1,"sw","It24"
2,5,10,"it","peat",1,"sw","It15"
2,6,10,"it","peat",1,"sw","It32"
2,7,10,"it","peat",1,"sw","Sw7"
2,8,10,"it","peat",1,"sw","Sw43"
22,1,10,"it","peat",1,"sw","Sw7"
22,2,10,"it","peat",1,"sw","It41"
22,3,10,"it","peat",1,"sw","Sw11"
22,4,10,"it","peat",1,"sw","It24"
22,5,10,"it","peat",1,"sw","It32"
22,6,10,"it","peat",1,"sw","It15"
22,7,10,"it","peat",1,"sw","Sw43"
22,8,10,"it","peat",1,"sw","Sw47"
33,1,10,"it","peat",1,"sw","Sw7"
33,2,10,"it","peat",1,"sw","Sw47"
33,3,10,"it","peat",1,"sw","Sw43"
33,4,10,"it","peat",1,"sw","It32"
33,5,10,"it","peat",1,"sw","It15"
33,6,10,"it","peat",1,"sw","It41"
33,7,10,"it","peat",1,"sw","It24"
33,8,10,"it","peat",1,"sw","Sw11"
80,1,10,"it","peat",1,"sw","It24"
80,2,10,"it","peat",1,"sw","Sw43"
80,3,10,"it","peat",1,"sw","It32"
80,4,10,"it","peat",1,"sw","Sw11"
80,5,10,"it","peat",1,"sw","It41"
80,6,10,"it","peat",1,"sw","Sw47"
80,7,10,"it","peat",1,"sw","It15"
80,8,10,"it","peat",1,"sw","Sw7"
44,1,10,"it","peat",1,"sw","It24"
44,2,10,"it","peat",1,"sw","Sw11"
44,3,10,"it","peat",1,"sw","Sw7"
44,4,10,"it","peat",1,"sw","Sw47"
44,5,10,"it","peat",1,"sw","Sw43"
44,6,10,"it","peat",1,"sw","It32"
44,7,10,"it","peat",1,"sw","It41"
44,8,10,"it","peat",1,"sw","It15"
86,1,10,"it","peat",1,"sw","Sw7"
86,2,10,"it","peat",1,"sw","Sw47"
86,3,10,"it","peat",1,"sw","Sw43"
86,4,10,"it","peat",1,"sw","It41"
86,5,10,"it","peat",1,"sw","It32"
86,6,10,"it","peat",1,"sw","Sw11"
86,7,10,"it","peat",1,"sw","It15"
86,8,10,"it","peat",1,"sw","It24"
49,1,10,"it","peat",1,"sw","Sw7"
49,2,10,"it","peat",1,"sw","Sw11"
49,3,10,"it","peat",1,"sw","It32"
49,4,10,"it","peat",1,"sw","It15"
49,5,10,"it","peat",1,"sw","It41"
49,6,10,"it","peat",1,"sw","Sw43"
49,7,10,"it","peat",1,"sw","It24"
49,8,10,"it","peat",1,"sw","Sw47"
66,1,10,"it","peat",1,"sw","It32"
66,2,10,"it","peat",1,"sw","Sw7"
66,3,10,"it","peat",1,"sw","It24"
66,4,10,"it","peat",1,"sw","It41"
66,5,10,"it","peat",1,"sw","It15"
66,6,10,"it","peat",1,"sw","Sw47"
66,7,10,"it","peat",1,"sw","Sw43"
66,8,10,"it","peat",1,"sw","Sw11"
14,1,11,"it","peat",1,"none","Sw47"
14,2,11,"it","peat",1,"none","Sw11"
14,3,11,"it","peat",1,"none","It32"
14,4,11,"it","peat",1,"none","Sw43"
14,5,11,"it","peat",1,"none","It41"
14,6,11,"it","peat",1,"none","It15"
14,7,11,"it","peat",1,"none","It24"
14,8,11,"it","peat",1,"none","Sw7"
10,1,11,"it","peat",1,"none","It32"
10,2,11,"it","peat",1,"none","Sw47"
10,3,11,"it","peat",1,"none","It15"
10,4,11,"it","peat",1,"none","It24"
10,5,11,"it","peat",1,"none","Sw11"
10,6,11,"it","peat",1,"none","It41"
10,7,11,"it","peat",1,"none","Sw43"
10,8,11,"it","peat",1,"none","Sw7"
62,1,11,"it","peat",1,"none","Sw11"
62,2,11,"it","peat",1,"none","Sw7"
62,3,11,"it","peat",1,"none","It15"
62,4,11,"it","peat",1,"none","It41"
62,5,11,"it","peat",1,"none","Sw47"
62,6,11,"it","peat",1,"none","It24"
62,7,11,"it","peat",1,"none","Sw43"
62,8,11,"it","peat",1,"none","It32"
43,1,11,"it","peat",1,"none","It15"
43,2,11,"it","peat",1,"none","Sw7"
43,3,11,"it","peat",1,"none","Sw11"
43,4,11,"it","peat",1,"none","It32"
43,5,11,"it","peat",1,"none","It41"
43,6,11,"it","peat",1,"none","Sw43"
43,7,11,"it","peat",1,"none","Sw47"
43,8,11,"it","peat",1,"none","It24"
78,1,11,"it","peat",1,"none","It41"
78,2,11,"it","peat",1,"none","Sw43"
78,3,11,"it","peat",1,"none","Sw11"
78,4,11,"it","peat",1,"none","Sw7"
78,5,11,"it","peat",1,"none","Sw47"
78,6,11,"it","peat",1,"none","It24"
78,7,11,"it","peat",1,"none","It15"
78,8,11,"it","peat",1,"none","It32"
32,1,11,"it","peat",1,"none","It41"
32,2,11,"it","peat",1,"none","Sw47"
32,3,11,"it","peat",1,"none","It32"
32,4,11,"it","peat",1,"none","It24"
32,5,11,"it","peat",1,"none","Sw11"
32,6,11,"it","peat",1,"none","Sw43"
32,7,11,"it","peat",1,"none","It15"
32,8,11,"it","peat",1,"none","Sw7"
77,1,11,"it","peat",1,"none","Sw11"
77,2,11,"it","peat",1,"none","Sw47"
77,3,11,"it","peat",1,"none","It24"
77,4,11,"it","peat",1,"none","It41"
77,5,11,"it","peat",1,"none","It32"
77,6,11,"it","peat",1,"none","Sw7"
77,7,11,"it","peat",1,"none","Sw43"
77,8,11,"it","peat",1,"none","It15"
58,1,11,"it","peat",1,"none","Sw7"
58,2,11,"it","peat",1,"none","It15"
58,3,11,"it","peat",1,"none","Sw43"
58,4,11,"it","peat",1,"none","Sw47"
58,5,11,"it","peat",1,"none","It32"
58,6,11,"it","peat",1,"none","It41"
58,7,11,"it","peat",1,"none","Sw11"
58,8,11,"it","peat",1,"none","It24"
103,1,12,"sw","it",0,"none","Sw7"
103,2,12,"sw","it",0,"none","Sw47"
103,3,12,"sw","it",0,"none","It15"
103,4,12,"sw","it",0,"none","It41"
103,5,12,"sw","it",0,"none","Sw11"
103,6,12,"sw","it",0,"none","Sw43"
103,7,12,"sw","it",0,"none","It24"
103,8,12,"sw","it",0,"none","It32"
117,1,12,"sw","it",0,"none","It15"
117,2,12,"sw","it",0,"none","Sw47"
117,3,12,"sw","it",0,"none","Sw43"
117,4,12,"sw","it",0,"none","It32"
117,5,12,"sw","it",0,"none","Sw11"
117,6,12,"sw","it",0,"none","Sw7"
117,7,12,"sw","it",0,"none","It41"
117,8,12,"sw","it",0,"none","It24"
135,1,12,"sw","it",0,"none","Sw7"
135,2,12,"sw","it",0,"none","Sw47"
135,3,12,"sw","it",0,"none","It24"
135,4,12,"sw","it",0,"none","It15"
135,5,12,"sw","it",0,"none","It41"
135,6,12,"sw","it",0,"none","It32"
135,7,12,"sw","it",0,"none","Sw43"
135,8,12,"sw","it",0,"none","Sw11"
167,1,12,"sw","it",0,"none","Sw11"
167,2,12,"sw","it",0,"none","It41"
167,3,12,"sw","it",0,"none","It15"
167,4,12,"sw","it",0,"none","It32"
167,5,12,"sw","it",0,"none","Sw7"
167,6,12,"sw","it",0,"none","It24"
167,7,12,"sw","it",0,"none","Sw43"
167,8,12,"sw","it",0,"none","Sw47"
102,1,12,"sw","it",0,"none","It32"
102,2,12,"sw","it",0,"none","Sw11"
102,3,12,"sw","it",0,"none","It24"
102,4,12,"sw","it",0,"none","Sw43"
102,5,12,"sw","it",0,"none","It41"
102,6,12,"sw","it",0,"none","Sw7"
102,7,12,"sw","it",0,"none","Sw47"
102,8,12,"sw","it",0,"none","It15"
124,1,12,"sw","it",0,"none","Sw43"
124,2,12,"sw","it",0,"none","Sw7"
124,3,12,"sw","it",0,"none","It15"
124,4,12,"sw","it",0,"none","It32"
124,5,12,"sw","it",0,"none","Sw11"
124,6,12,"sw","it",0,"none","It41"
124,7,12,"sw","it",0,"none","Sw47"
124,8,12,"sw","it",0,"none","It24"
94,1,12,"sw","it",0,"none","Sw11"
94,2,12,"sw","it",0,"none","Sw47"
94,3,12,"sw","it",0,"none","Sw43"
94,4,12,"sw","it",0,"none","It24"
94,5,12,"sw","it",0,"none","It15"
94,6,12,"sw","it",0,"none","Sw7"
94,7,12,"sw","it",0,"none","It32"
94,8,12,"sw","it",0,"none","It41"
173,1,12,"sw","it",0,"none","It32"
173,2,12,"sw","it",0,"none","It24"
173,3,12,"sw","it",0,"none","Sw47"
173,4,12,"sw","it",0,"none","It41"
173,5,12,"sw","it",0,"none","It15"
173,6,12,"sw","it",0,"none","Sw43"
173,7,12,"sw","it",0,"none","Sw11"
173,8,12,"sw","it",0,"none","Sw7"
93,1,13,"sw","it",1,"none","Sw11"
93,2,13,"sw","it",1,"none","It15"
93,3,13,"sw","it",1,"none","Sw7"
93,4,13,"sw","it",1,"none","Sw47"
93,5,13,"sw","it",1,"none","It24"
93,6,13,"sw","it",1,"none","It41"
93,7,13,"sw","it",1,"none","It32"
93,8,13,"sw","it",1,"none","Sw43"
147,1,13,"sw","it",1,"none","Sw11"
147,2,13,"sw","it",1,"none","It15"
147,3,13,"sw","it",1,"none","Sw7"
147,4,13,"sw","it",1,"none","Sw47"
147,5,13,"sw","it",1,"none","It41"
147,6,13,"sw","it",1,"none","Sw43"
147,7,13,"sw","it",1,"none","It24"
147,8,13,"sw","it",1,"none","It32"
109,1,13,"sw","it",1,"none","It15"
109,2,13,"sw","it",1,"none","Sw11"
109,3,13,"sw","it",1,"none","Sw47"
109,4,13,"sw","it",1,"none","It24"
109,5,13,"sw","it",1,"none","Sw7"
109,6,13,"sw","it",1,"none","It41"
109,7,13,"sw","it",1,"none","Sw43"
109,8,13,"sw","it",1,"none","It32"
123,1,13,"sw","it",1,"none","It15"
123,2,13,"sw","it",1,"none","Sw43"
123,3,13,"sw","it",1,"none","It41"
123,4,13,"sw","it",1,"none","Sw47"
123,5,13,"sw","it",1,"none","Sw11"
123,6,13,"sw","it",1,"none","It32"
123,7,13,"sw","it",1,"none","It24"
123,8,13,"sw","it",1,"none","Sw7"
168,1,13,"sw","it",1,"none","It41"
168,2,13,"sw","it",1,"none","Sw7"
168,3,13,"sw","it",1,"none","It24"
168,4,13,"sw","it",1,"none","It15"
168,5,13,"sw","it",1,"none","Sw47"
168,6,13,"sw","it",1,"none","It32"
168,7,13,"sw","it",1,"none","Sw43"
168,8,13,"sw","it",1,"none","Sw11"
107,1,13,"sw","it",1,"none","Sw7"
107,2,13,"sw","it",1,"none","Sw43"
107,3,13,"sw","it",1,"none","It32"
107,4,13,"sw","it",1,"none","It15"
107,5,13,"sw","it",1,"none","It24"
107,6,13,"sw","it",1,"none","It41"
107,7,13,"sw","it",1,"none","Sw11"
107,8,13,"sw","it",1,"none","Sw47"
134,1,13,"sw","it",1,"none","Sw47"
134,2,13,"sw","it",1,"none","Sw11"
134,3,13,"sw","it",1,"none","It41"
134,4,13,"sw","it",1,"none","It15"
134,5,13,"sw","it",1,"none","It32"
134,6,13,"sw","it",1,"none","It24"
134,7,13,"sw","it",1,"none","Sw7"
134,8,13,"sw","it",1,"none","Sw43"
101,1,13,"sw","it",1,"none","It15"
101,2,13,"sw","it",1,"none","Sw7"
101,3,13,"sw","it",1,"none","It41"
101,4,13,"sw","it",1,"none","It24"
101,5,13,"sw","it",1,"none","Sw47"
101,6,13,"sw","it",1,"none","Sw11"
101,7,13,"sw","it",1,"none","Sw43"
101,8,13,"sw","it",1,"none","It32"
98,1,14,"sw","it",1,"it","Sw47"
98,2,14,"sw","it",1,"it","Sw7"
98,3,14,"sw","it",1,"it","It32"
98,4,14,"sw","it",1,"it","It24"
98,5,14,"sw","it",1,"it","It15"
98,6,14,"sw","it",1,"it","Sw43"
98,7,14,"sw","it",1,"it","Sw11"
98,8,14,"sw","it",1,"it","It41"
148,1,14,"sw","it",1,"it","Sw47"
148,2,14,"sw","it",1,"it","It41"
148,3,14,"sw","it",1,"it","It15"
148,4,14,"sw","it",1,"it","Sw43"
148,5,14,"sw","it",1,"it","Sw11"
148,6,14,"sw","it",1,"it","It32"
148,7,14,"sw","it",1,"it","Sw7"
148,8,14,"sw","it",1,"it","It24"
97,1,14,"sw","it",1,"it","It24"
97,2,14,"sw","it",1,"it","Sw47"
97,3,14,"sw","it",1,"it","It41"
97,4,14,"sw","it",1,"it","It15"
97,5,14,"sw","it",1,"it","It32"
97,6,14,"sw","it",1,"it","Sw43"
97,7,14,"sw","it",1,"it","Sw7"
97,8,14,"sw","it",1,"it","Sw11"
95,1,14,"sw","it",1,"it","Sw7"
95,2,14,"sw","it",1,"it","It24"
95,3,14,"sw","it",1,"it","It32"
95,4,14,"sw","it",1,"it","Sw11"
95,5,14,"sw","it",1,"it","It15"
95,6,14,"sw","it",1,"it","Sw43"
95,7,14,"sw","it",1,"it","It41"
95,8,14,"sw","it",1,"it","Sw47"
115,1,14,"sw","it",1,"it","It41"
115,2,14,"sw","it",1,"it","Sw47"
115,3,14,"sw","it",1,"it","It32"
115,4,14,"sw","it",1,"it","It24"
115,5,14,"sw","it",1,"it","Sw11"
115,6,14,"sw","it",1,"it","Sw7"
115,7,14,"sw","it",1,"it","It15"
115,8,14,"sw","it",1,"it","Sw43"
145,1,14,"sw","it",1,"it","Sw7"
145,2,14,"sw","it",1,"it","It15"
145,3,14,"sw","it",1,"it","It24"
145,4,14,"sw","it",1,"it","Sw11"
145,5,14,"sw","it",1,"it","It41"
145,6,14,"sw","it",1,"it","It32"
145,7,14,"sw","it",1,"it","Sw43"
145,8,14,"sw","it",1,"it","Sw47"
125,1,14,"sw","it",1,"it","Sw47"
125,2,14,"sw","it",1,"it","It24"
125,3,14,"sw","it",1,"it","Sw11"
125,4,14,"sw","it",1,"it","It15"
125,5,14,"sw","it",1,"it","Sw7"
125,6,14,"sw","it",1,"it","It32"
125,7,14,"sw","it",1,"it","Sw43"
125,8,14,"sw","it",1,"it","It41"
174,1,14,"sw","it",1,"it","Sw47"
174,2,14,"sw","it",1,"it","It41"
174,3,14,"sw","it",1,"it","Sw7"
174,4,14,"sw","it",1,"it","It24"
174,5,14,"sw","it",1,"it","Sw43"
174,6,14,"sw","it",1,"it","It32"
174,7,14,"sw","it",1,"it","It15"
174,8,14,"sw","it",1,"it","Sw11"
154,1,15,"sw","it",1,"sw","It15"
154,2,15,"sw","it",1,"sw","Sw11"
154,3,15,"sw","it",1,"sw","It32"
154,4,15,"sw","it",1,"sw","Sw7"
154,5,15,"sw","it",1,"sw","It41"
154,6,15,"sw","it",1,"sw","It24"
154,7,15,"sw","it",1,"sw","Sw43"
154,8,15,"sw","it",1,"sw","Sw47"
164,1,15,"sw","it",1,"sw","Sw7"
164,2,15,"sw","it",1,"sw","It41"
164,3,15,"sw","it",1,"sw","Sw43"
164,4,15,"sw","it",1,"sw","It32"
164,5,15,"sw","it",1,"sw","It15"
164,6,15,"sw","it",1,"sw","It24"
164,7,15,"sw","it",1,"sw","Sw47"
164,8,15,"sw","it",1,"sw","Sw11"
99,1,15,"sw","it",1,"sw","Sw11"
99,2,15,"sw","it",1,"sw","Sw7"
99,3,15,"sw","it",1,"sw","It15"
99,4,15,"sw","it",1,"sw","It41"
99,5,15,"sw","it",1,"sw","Sw47"
99,6,15,"sw","it",1,"sw","Sw43"
99,7,15,"sw","it",1,"sw","It32"
99,8,15,"sw","it",1,"sw","It24"
143,1,15,"sw","it",1,"sw","It41"
143,2,15,"sw","it",1,"sw","Sw47"
143,3,15,"sw","it",1,"sw","It15"
143,4,15,"sw","it",1,"sw","Sw43"
143,5,15,"sw","it",1,"sw","Sw11"
143,6,15,"sw","it",1,"sw","It32"
143,7,15,"sw","it",1,"sw","Sw7"
143,8,15,"sw","it",1,"sw","It24"
144,1,15,"sw","it",1,"sw","It32"
144,2,15,"sw","it",1,"sw","It24"
144,3,15,"sw","it",1,"sw","It41"
144,4,15,"sw","it",1,"sw","Sw47"
144,5,15,"sw","it",1,"sw","It15"
144,6,15,"sw","it",1,"sw","Sw7"
144,7,15,"sw","it",1,"sw","Sw11"
144,8,15,"sw","it",1,"sw","Sw43"
170,1,15,"sw","it",1,"sw","Sw11"
170,2,15,"sw","it",1,"sw","Sw7"
170,3,15,"sw","it",1,"sw","Sw47"
170,4,15,"sw","it",1,"sw","It41"
170,5,15,"sw","it",1,"sw","It24"
170,6,15,"sw","it",1,"sw","Sw43"
170,7,15,"sw","it",1,"sw","It15"
170,8,15,"sw","it",1,"sw","It32"
152,1,15,"sw","it",1,"sw","It41"
152,2,15,"sw","it",1,"sw","Sw7"
152,3,15,"sw","it",1,"sw","It15"
152,4,15,"sw","it",1,"sw","It24"
152,5,15,"sw","it",1,"sw","It32"
152,6,15,"sw","it",1,"sw","Sw43"
152,7,15,"sw","it",1,"sw","Sw11"
152,8,15,"sw","it",1,"sw","Sw47"
159,1,15,"sw","it",1,"sw","It32"
159,2,15,"sw","it",1,"sw","It24"
159,3,15,"sw","it",1,"sw","It15"
159,4,15,"sw","it",1,"sw","Sw7"
159,5,15,"sw","it",1,"sw","Sw11"
159,6,15,"sw","it",1,"sw","Sw43"
159,7,15,"sw","it",1,"sw","It41"
159,8,15,"sw","it",1,"sw","Sw47"
156,1,16,"sw","sw",0,"none","It15"
156,2,16,"sw","sw",0,"none","It32"
156,3,16,"sw","sw",0,"none","Sw47"
156,4,16,"sw","sw",0,"none","Sw43"
156,5,16,"sw","sw",0,"none","It24"
156,6,16,"sw","sw",0,"none","Sw11"
156,7,16,"sw","sw",0,"none","It41"
156,8,16,"sw","sw",0,"none","Sw7"
96,1,16,"sw","sw",0,"none","It41"
96,2,16,"sw","sw",0,"none","Sw11"
96,3,16,"sw","sw",0,"none","Sw43"
96,4,16,"sw","sw",0,"none","Sw47"
96,5,16,"sw","sw",0,"none","It24"
96,6,16,"sw","sw",0,"none","It32"
96,7,16,"sw","sw",0,"none","It15"
96,8,16,"sw","sw",0,"none","Sw7"
161,1,16,"sw","sw",0,"none","It15"
161,2,16,"sw","sw",0,"none","Sw7"
161,3,16,"sw","sw",0,"none","It24"
161,4,16,"sw","sw",0,"none","It41"
161,5,16,"sw","sw",0,"none","It32"
161,6,16,"sw","sw",0,"none","Sw11"
161,7,16,"sw","sw",0,"none","Sw47"
161,8,16,"sw","sw",0,"none","Sw43"
171,1,16,"sw","sw",0,"none","It15"
171,2,16,"sw","sw",0,"none","It32"
171,3,16,"sw","sw",0,"none","Sw47"
171,4,16,"sw","sw",0,"none","Sw11"
171,5,16,"sw","sw",0,"none","It41"
171,6,16,"sw","sw",0,"none","Sw7"
171,7,16,"sw","sw",0,"none","It24"
171,8,16,"sw","sw",0,"none","Sw43"
163,1,16,"sw","sw",0,"none","Sw43"
163,2,16,"sw","sw",0,"none","It32"
163,3,16,"sw","sw",0,"none","Sw11"
163,4,16,"sw","sw",0,"none","It24"
163,5,16,"sw","sw",0,"none","Sw7"
163,6,16,"sw","sw",0,"none","It15"
163,7,16,"sw","sw",0,"none","It41"
163,8,16,"sw","sw",0,"none","Sw47"
176,1,16,"sw","sw",0,"none","It32"
176,2,16,"sw","sw",0,"none","Sw11"
176,3,16,"sw","sw",0,"none","Sw47"
176,4,16,"sw","sw",0,"none","It15"
176,5,16,"sw","sw",0,"none","Sw7"
176,6,16,"sw","sw",0,"none","Sw43"
176,7,16,"sw","sw",0,"none","It24"
176,8,16,"sw","sw",0,"none","It41"
130,1,16,"sw","sw",0,"none","Sw43"
130,2,16,"sw","sw",0,"none","It41"
130,3,16,"sw","sw",0,"none","Sw7"
130,4,16,"sw","sw",0,"none","Sw47"
130,5,16,"sw","sw",0,"none","It15"
130,6,16,"sw","sw",0,"none","It24"
130,7,16,"sw","sw",0,"none","It32"
130,8,16,"sw","sw",0,"none","Sw11"
158,1,16,"sw","sw",0,"none","Sw47"
158,2,16,"sw","sw",0,"none","It24"
158,3,16,"sw","sw",0,"none","It32"
158,4,16,"sw","sw",0,"none","Sw43"
158,5,16,"sw","sw",0,"none","Sw7"
158,6,16,"sw","sw",0,"none","It41"
158,7,16,"sw","sw",0,"none","Sw11"
158,8,16,"sw","sw",0,"none","It15"
104,1,17,"sw","sw",1,"none","Sw43"
104,2,17,"sw","sw",1,"none","It41"
104,3,17,"sw","sw",1,"none","It32"
104,4,17,"sw","sw",1,"none","Sw11"
104,5,17,"sw","sw",1,"none","Sw7"
104,6,17,"sw","sw",1,"none","Sw47"
104,7,17,"sw","sw",1,"none","It24"
104,8,17,"sw","sw",1,"none","It15"
122,1,17,"sw","sw",1,"none","It41"
122,2,17,"sw","sw",1,"none","It24"
122,3,17,"sw","sw",1,"none","Sw43"
122,4,17,"sw","sw",1,"none","It32"
122,5,17,"sw","sw",1,"none","It15"
122,6,17,"sw","sw",1,"none","Sw7"
122,7,17,"sw","sw",1,"none","Sw47"
122,8,17,"sw","sw",1,"none","Sw11"
165,1,17,"sw","sw",1,"none","It24"
165,2,17,"sw","sw",1,"none","Sw47"
165,3,17,"sw","sw",1,"none","It15"
165,4,17,"sw","sw",1,"none","It32"
165,5,17,"sw","sw",1,"none","Sw11"
165,6,17,"sw","sw",1,"none","Sw7"
165,7,17,"sw","sw",1,"none","It41"
165,8,17,"sw","sw",1,"none","Sw43"
129,1,17,"sw","sw",1,"none","Sw47"
129,2,17,"sw","sw",1,"none","Sw43"
129,3,17,"sw","sw",1,"none","It41"
129,4,17,"sw","sw",1,"none","It32"
129,5,17,"sw","sw",1,"none","Sw7"
129,6,17,"sw","sw",1,"none","It15"
129,7,17,"sw","sw",1,"none","It24"
129,8,17,"sw","sw",1,"none","Sw11"
160,1,17,"sw","sw",1,"none","It41"
160,2,17,"sw","sw",1,"none","It24"
160,3,17,"sw","sw",1,"none","It32"
160,4,17,"sw","sw",1,"none","Sw7"
160,5,17,"sw","sw",1,"none","It15"
160,6,17,"sw","sw",1,"none","Sw47"
160,7,17,"sw","sw",1,"none","Sw43"
160,8,17,"sw","sw",1,"none","Sw11"
157,1,17,"sw","sw",1,"none","It15"
157,2,17,"sw","sw",1,"none","Sw11"
157,3,17,"sw","sw",1,"none","It32"
157,4,17,"sw","sw",1,"none","It41"
157,5,17,"sw","sw",1,"none","It24"
157,6,17,"sw","sw",1,"none","Sw43"
157,7,17,"sw","sw",1,"none","Sw47"
157,8,17,"sw","sw",1,"none","Sw7"
169,1,17,"sw","sw",1,"none","Sw11"
169,2,17,"sw","sw",1,"none","Sw47"
169,3,17,"sw","sw",1,"none","It41"
169,4,17,"sw","sw",1,"none","It15"
169,5,17,"sw","sw",1,"none","Sw7"
169,6,17,"sw","sw",1,"none","It32"
169,7,17,"sw","sw",1,"none","It24"
169,8,17,"sw","sw",1,"none","Sw43"
111,1,17,"sw","sw",1,"none","It24"
111,2,17,"sw","sw",1,"none","Sw47"
111,3,17,"sw","sw",1,"none","Sw7"
111,4,17,"sw","sw",1,"none","It32"
111,5,17,"sw","sw",1,"none","It15"
111,6,17,"sw","sw",1,"none","Sw11"
111,7,17,"sw","sw",1,"none","Sw43"
111,8,17,"sw","sw",1,"none","It41"
151,1,18,"sw","sw",1,"sw","Sw11"
151,2,18,"sw","sw",1,"sw","Sw43"
151,3,18,"sw","sw",1,"sw","It15"
151,4,18,"sw","sw",1,"sw","It41"
151,5,18,"sw","sw",1,"sw","Sw7"
151,6,18,"sw","sw",1,"sw","Sw47"
151,7,18,"sw","sw",1,"sw","It24"
151,8,18,"sw","sw",1,"sw","It32"
132,1,18,"sw","sw",1,"sw","It15"
132,2,18,"sw","sw",1,"sw","Sw47"
132,3,18,"sw","sw",1,"sw","Sw11"
132,4,18,"sw","sw",1,"sw","It41"
132,5,18,"sw","sw",1,"sw","It24"
132,6,18,"sw","sw",1,"sw","It32"
132,7,18,"sw","sw",1,"sw","Sw7"
132,8,18,"sw","sw",1,"sw","Sw43"
140,1,18,"sw","sw",1,"sw","It41"
140,2,18,"sw","sw",1,"sw","Sw7"
140,3,18,"sw","sw",1,"sw","It15"
140,4,18,"sw","sw",1,"sw","It32"
140,5,18,"sw","sw",1,"sw","Sw11"
140,6,18,"sw","sw",1,"sw","It24"
140,7,18,"sw","sw",1,"sw","Sw47"
140,8,18,"sw","sw",1,"sw","Sw43"
118,1,18,"sw","sw",1,"sw","It32"
118,2,18,"sw","sw",1,"sw","It24"
118,3,18,"sw","sw",1,"sw","Sw43"
118,4,18,"sw","sw",1,"sw","It15"
118,5,18,"sw","sw",1,"sw","Sw11"
118,6,18,"sw","sw",1,"sw","It41"
118,7,18,"sw","sw",1,"sw","Sw47"
118,8,18,"sw","sw",1,"sw","Sw7"
120,1,18,"sw","sw",1,"sw","It24"
120,2,18,"sw","sw",1,"sw","It32"
120,3,18,"sw","sw",1,"sw","Sw47"
120,4,18,"sw","sw",1,"sw","Sw43"
120,5,18,"sw","sw",1,"sw","It15"
120,6,18,"sw","sw",1,"sw","It41"
120,7,18,"sw","sw",1,"sw","Sw11"
120,8,18,"sw","sw",1,"sw","Sw7"
116,1,18,"sw","sw",1,"sw","Sw43"
116,2,18,"sw","sw",1,"sw","It24"
116,3,18,"sw","sw",1,"sw","Sw7"
116,4,18,"sw","sw",1,"sw","It15"
116,5,18,"sw","sw",1,"sw","It32"
116,6,18,"sw","sw",1,"sw","It41"
116,7,18,"sw","sw",1,"sw","Sw11"
116,8,18,"sw","sw",1,"sw","Sw47"
149,1,18,"sw","sw",1,"sw","It15"
149,2,18,"sw","sw",1,"sw","It41"
149,3,18,"sw","sw",1,"sw","Sw11"
149,4,18,"sw","sw",1,"sw","It24"
149,5,18,"sw","sw",1,"sw","Sw47"
149,6,18,"sw","sw",1,"sw","Sw7"
149,7,18,"sw","sw",1,"sw","Sw43"
149,8,18,"sw","sw",1,"sw","It32"
100,1,18,"sw","sw",1,"sw","It41"
100,2,18,"sw","sw",1,"sw","Sw7"
100,3,18,"sw","sw",1,"sw","It32"
100,4,18,"sw","sw",1,"sw","It24"
100,5,18,"sw","sw",1,"sw","Sw47"
100,6,18,"sw","sw",1,"sw","Sw11"
100,7,18,"sw","sw",1,"sw","Sw43"
100,8,18,"sw","sw",1,"sw","It15"
177,1,19,"sw","sw",1,"it","Sw7"
177,2,19,"sw","sw",1,"it","Sw43"
177,3,19,"sw","sw",1,"it","Sw11"
177,4,19,"sw","sw",1,"it","It41"
177,5,19,"sw","sw",1,"it","It24"
177,6,19,"sw","sw",1,"it","It32"
177,7,19,"sw","sw",1,"it","Sw47"
177,8,19,"sw","sw",1,"it","It15"
112,1,19,"sw","sw",1,"it","Sw7"
112,2,19,"sw","sw",1,"it","It41"
112,3,19,"sw","sw",1,"it","Sw43"
112,4,19,"sw","sw",1,"it","It32"
112,5,19,"sw","sw",1,"it","Sw47"
112,6,19,"sw","sw",1,"it","It15"
112,7,19,"sw","sw",1,"it","It24"
112,8,19,"sw","sw",1,"it","Sw11"
108,1,19,"sw","sw",1,"it","Sw47"
108,2,19,"sw","sw",1,"it","It15"
108,3,19,"sw","sw",1,"it","It24"
108,4,19,"sw","sw",1,"it","Sw43"
108,5,19,"sw","sw",1,"it","Sw11"
108,6,19,"sw","sw",1,"it","It32"
108,7,19,"sw","sw",1,"it","It41"
108,8,19,"sw","sw",1,"it","Sw7"
126,1,19,"sw","sw",1,"it","Sw7"
126,2,19,"sw","sw",1,"it","It15"
126,3,19,"sw","sw",1,"it","It24"
126,4,19,"sw","sw",1,"it","Sw11"
126,5,19,"sw","sw",1,"it","Sw43"
126,6,19,"sw","sw",1,"it","Sw47"
126,7,19,"sw","sw",1,"it","It32"
126,8,19,"sw","sw",1,"it","It41"
91,1,19,"sw","sw",1,"it","It32"
91,2,19,"sw","sw",1,"it","Sw11"
91,3,19,"sw","sw",1,"it","It15"
91,4,19,"sw","sw",1,"it","It41"
91,5,19,"sw","sw",1,"it","Sw47"
91,6,19,"sw","sw",1,"it","Sw43"
91,7,19,"sw","sw",1,"it","It24"
91,8,19,"sw","sw",1,"it","Sw7"
133,1,19,"sw","sw",1,"it","It24"
133,2,19,"sw","sw",1,"it","It15"
133,3,19,"sw","sw",1,"it","Sw47"
133,4,19,"sw","sw",1,"it","Sw11"
133,5,19,"sw","sw",1,"it","Sw7"
133,6,19,"sw","sw",1,"it","It41"
133,7,19,"sw","sw",1,"it","Sw43"
133,8,19,"sw","sw",1,"it","It32"
172,1,19,"sw","sw",1,"it","It32"
172,2,19,"sw","sw",1,"it","Sw43"
172,3,19,"sw","sw",1,"it","It41"
172,4,19,"sw","sw",1,"it","It15"
172,5,19,"sw","sw",1,"it","Sw47"
172,6,19,"sw","sw",1,"it","Sw7"
172,7,19,"sw","sw",1,"it","It24"
172,8,19,"sw","sw",1,"it","Sw11"
127,1,19,"sw","sw",1,"it","It15"
127,2,19,"sw","sw",1,"it","It24"
127,3,19,"sw","sw",1,"it","Sw43"
127,4,19,"sw","sw",1,"it","Sw7"
127,5,19,"sw","sw",1,"it","Sw47"
127,6,19,"sw","sw",1,"it","Sw11"
127,7,19,"sw","sw",1,"it","It32"
127,8,19,"sw","sw",1,"it","It41"
162,1,20,"sw","peat",1,"it","It32"
162,2,20,"sw","peat",1,"it","Sw11"
162,3,20,"sw","peat",1,"it","It15"
162,4,20,"sw","peat",1,"it","Sw47"
162,5,20,"sw","peat",1,"it","It24"
162,6,20,"sw","peat",1,"it","It41"
162,7,20,"sw","peat",1,"it","Sw7"
162,8,20,"sw","peat",1,"it","Sw43"
119,1,20,"sw","peat",1,"it","Sw7"
119,2,20,"sw","peat",1,"it","Sw11"
119,3,20,"sw","peat",1,"it","It15"
119,4,20,"sw","peat",1,"it","It32"
119,5,20,"sw","peat",1,"it","It24"
119,6,20,"sw","peat",1,"it","Sw43"
119,7,20,"sw","peat",1,"it","Sw47"
119,8,20,"sw","peat",1,"it","It41"
155,1,20,"sw","peat",1,"it","It32"
155,2,20,"sw","peat",1,"it","Sw47"
155,3,20,"sw","peat",1,"it","It41"
155,4,20,"sw","peat",1,"it","It24"
155,5,20,"sw","peat",1,"it","It15"
155,6,20,"sw","peat",1,"it","Sw7"
155,7,20,"sw","peat",1,"it","Sw11"
155,8,20,"sw","peat",1,"it","Sw43"
136,1,20,"sw","peat",1,"it","It32"
136,2,20,"sw","peat",1,"it","Sw11"
136,3,20,"sw","peat",1,"it","It41"
136,4,20,"sw","peat",1,"it","Sw43"
136,5,20,"sw","peat",1,"it","Sw7"
136,6,20,"sw","peat",1,"it","It15"
136,7,20,"sw","peat",1,"it","Sw47"
136,8,20,"sw","peat",1,"it","It24"
166,1,20,"sw","peat",1,"it","It15"
166,2,20,"sw","peat",1,"it","It41"
166,3,20,"sw","peat",1,"it","Sw43"
166,4,20,"sw","peat",1,"it","It32"
166,5,20,"sw","peat",1,"it","Sw47"
166,6,20,"sw","peat",1,"it","Sw11"
166,7,20,"sw","peat",1,"it","It24"
166,8,20,"sw","peat",1,"it","Sw7"
113,1,20,"sw","peat",1,"it","Sw43"
113,2,20,"sw","peat",1,"it","Sw47"
113,3,20,"sw","peat",1,"it","It24"
113,4,20,"sw","peat",1,"it","Sw11"
113,5,20,"sw","peat",1,"it","It15"
113,6,20,"sw","peat",1,"it","It41"
113,7,20,"sw","peat",1,"it","It32"
113,8,20,"sw","peat",1,"it","Sw7"
105,1,20,"sw","peat",1,"it","It32"
105,2,20,"sw","peat",1,"it","Sw11"
105,3,20,"sw","peat",1,"it","It41"
105,4,20,"sw","peat",1,"it","Sw43"
105,5,20,"sw","peat",1,"it","Sw7"
105,6,20,"sw","peat",1,"it","Sw47"
105,7,20,"sw","peat",1,"it","It15"
105,8,20,"sw","peat",1,"it","It24"
141,1,20,"sw","peat",1,"it","It41"
141,2,20,"sw","peat",1,"it","It32"
141,3,20,"sw","peat",1,"it","Sw47"
141,4,20,"sw","peat",1,"it","Sw43"
141,5,20,"sw","peat",1,"it","It15"
141,6,20,"sw","peat",1,"it","It24"
141,7,20,"sw","peat",1,"it","Sw11"
141,8,20,"sw","peat",1,"it","Sw7"
92,1,21,"sw","peat",1,"sw","It41"
92,2,21,"sw","peat",1,"sw","Sw47"
92,3,21,"sw","peat",1,"sw","It24"
92,4,21,"sw","peat",1,"sw","Sw11"
92,5,21,"sw","peat",1,"sw","It32"
92,6,21,"sw","peat",1,"sw","Sw43"
92,7,21,"sw","peat",1,"sw","Sw7"
92,8,21,"sw","peat",1,"sw","It15"
131,1,21,"sw","peat",1,"sw","Sw7"
131,2,21,"sw","peat",1,"sw","It41"
131,3,21,"sw","peat",1,"sw","It15"
131,4,21,"sw","peat",1,"sw","Sw11"
131,5,21,"sw","peat",1,"sw","Sw47"
131,6,21,"sw","peat",1,"sw","It24"
131,7,21,"sw","peat",1,"sw","Sw43"
131,8,21,"sw","peat",1,"sw","It32"
138,1,21,"sw","peat",1,"sw","It32"
138,2,21,"sw","peat",1,"sw","Sw7"
138,3,21,"sw","peat",1,"sw","Sw47"
138,4,21,"sw","peat",1,"sw","It41"
138,5,21,"sw","peat",1,"sw","It15"
138,6,21,"sw","peat",1,"sw","It24"
138,7,21,"sw","peat",1,"sw","Sw43"
138,8,21,"sw","peat",1,"sw","Sw11"
128,1,21,"sw","peat",1,"sw","It32"
128,2,21,"sw","peat",1,"sw","It41"
128,3,21,"sw","peat",1,"sw","It24"
128,4,21,"sw","peat",1,"sw","Sw43"
128,5,21,"sw","peat",1,"sw","Sw47"
128,6,21,"sw","peat",1,"sw","It15"
128,7,21,"sw","peat",1,"sw","Sw11"
128,8,21,"sw","peat",1,"sw","Sw7"
137,1,21,"sw","peat",1,"sw","Sw11"
137,2,21,"sw","peat",1,"sw","Sw47"
137,3,21,"sw","peat",1,"sw","It24"
137,4,21,"sw","peat",1,"sw","Sw7"
137,5,21,"sw","peat",1,"sw","It15"
137,6,21,"sw","peat",1,"sw","It32"
137,7,21,"sw","peat",1,"sw","Sw43"
137,8,21,"sw","peat",1,"sw","It41"
153,1,21,"sw","peat",1,"sw","It32"
153,2,21,"sw","peat",1,"sw","It15"
153,3,21,"sw","peat",1,"sw","Sw43"
153,4,21,"sw","peat",1,"sw","Sw11"
153,5,21,"sw","peat",1,"sw","Sw47"
153,6,21,"sw","peat",1,"sw","Sw7"
153,7,21,"sw","peat",1,"sw","It41"
153,8,21,"sw","peat",1,"sw","It24"
146,1,21,"sw","peat",1,"sw","It32"
146,2,21,"sw","peat",1,"sw","It41"
146,3,21,"sw","peat",1,"sw","Sw11"
146,4,21,"sw","peat",1,"sw","Sw7"
146,5,21,"sw","peat",1,"sw","It24"
146,6,21,"sw","peat",1,"sw","Sw47"
146,7,21,"sw","peat",1,"sw","It15"
146,8,21,"sw","peat",1,"sw","Sw43"
142,1,21,"sw","peat",1,"sw","It15"
142,2,21,"sw","peat",1,"sw","It32"
142,3,21,"sw","peat",1,"sw","It24"
142,4,21,"sw","peat",1,"sw","Sw47"
142,5,21,"sw","peat",1,"sw","It41"
142,6,21,"sw","peat",1,"sw","Sw7"
142,7,21,"sw","peat",1,"sw","Sw11"
142,8,21,"sw","peat",1,"sw","Sw43"
150,1,22,"sw","peat",1,"none","Sw43"
150,2,22,"sw","peat",1,"none","It15"
150,3,22,"sw","peat",1,"none","It41"
150,4,22,"sw","peat",1,"none","It32"
150,5,22,"sw","peat",1,"none","It24"
150,6,22,"sw","peat",1,"none","Sw11"
150,7,22,"sw","peat",1,"none","Sw7"
150,8,22,"sw","peat",1,"none","Sw47"
110,1,22,"sw","peat",1,"none","Sw7"
110,2,22,"sw","peat",1,"none","Sw11"
110,3,22,"sw","peat",1,"none","It41"
110,4,22,"sw","peat",1,"none","It15"
110,5,22,"sw","peat",1,"none","It24"
110,6,22,"sw","peat",1,"none","It32"
110,7,22,"sw","peat",1,"none","Sw47"
110,8,22,"sw","peat",1,"none","Sw43"
178,1,22,"sw","peat",1,"none","Sw47"
178,2,22,"sw","peat",1,"none","It41"
178,3,22,"sw","peat",1,"none","It32"
178,4,22,"sw","peat",1,"none","Sw43"
178,5,22,"sw","peat",1,"none","Sw11"
178,6,22,"sw","peat",1,"none","It24"
178,7,22,"sw","peat",1,"none","It15"
178,8,22,"sw","peat",1,"none","Sw7"
139,1,22,"sw","peat",1,"none","It41"
139,2,22,"sw","peat",1,"none","Sw47"
139,3,22,"sw","peat",1,"none","It32"
139,4,22,"sw","peat",1,"none","Sw43"
139,5,22,"sw","peat",1,"none","It15"
139,6,22,"sw","peat",1,"none","Sw7"
139,7,22,"sw","peat",1,"none","It24"
139,8,22,"sw","peat",1,"none","Sw11"
106,1,22,"sw","peat",1,"none","It41"
106,2,22,"sw","peat",1,"none","Sw11"
106,3,22,"sw","peat",1,"none","It32"
106,4,22,"sw","peat",1,"none","It15"
106,5,22,"sw","peat",1,"none","It24"
106,6,22,"sw","peat",1,"none","Sw47"
106,7,22,"sw","peat",1,"none","Sw7"
106,8,22,"sw","peat",1,"none","Sw43"
121,1,22,"sw","peat",1,"none","Sw47"
121,2,22,"sw","peat",1,"none","It32"
121,3,22,"sw","peat",1,"none","It41"
121,4,22,"sw","peat",1,"none","Sw43"
121,5,22,"sw","peat",1,"none","It15"
121,6,22,"sw","peat",1,"none","Sw11"
121,7,22,"sw","peat",1,"none","It24"
121,8,22,"sw","peat",1,"none","Sw7"
175,1,22,"sw","peat",1,"none","It24"
175,2,22,"sw","peat",1,"none","Sw7"
175,3,22,"sw","peat",1,"none","Sw11"
175,4,22,"sw","peat",1,"none","Sw43"
175,5,22,"sw","peat",1,"none","It15"
175,6,22,"sw","peat",1,"none","It41"
175,7,22,"sw","peat",1,"none","Sw47"
175,8,22,"sw","peat",1,"none","It32"
114,1,22,"sw","peat",1,"none","It32"
114,2,22,"sw","peat",1,"none","Sw7"
114,3,22,"sw","peat",1,"none","Sw43"
114,4,22,"sw","peat",1,"none","Sw11"
114,5,22,"sw","peat",1,"none","It15"
114,6,22,"sw","peat",1,"none","Sw47"
114,7,22,"sw","peat",1,"none","It41"
114,8,22,"sw","peat",1,"none","It24"
